<zbozi>
	<vyrobek id="ID323321" cena="6562" >Monitor</vyrobek>
	<vyrobek id="ID763276" cena="576" >Myš</vyrobek>
	<vyrobek id="ID872175" cena="786" >Klávesnice</vyrobek>
	<vyrobek id="ID135216" cena="18" >CD</vyrobek>
	<vyrobek id="ID126712" cena="2389" >Tiskárna</vyrobek>
	<vyrobek id="ID317633" cena="2798" >Scaner</vyrobek>
	<vyrobek id="ID126671" cena="12083" >Notebook</vyrobek>
	<vyrobek id="ID561672" cena="1297" >DVD Mechanika</vyrobek>
	<vyrobek id="ID091923" cena="2879" >RAM Paměť</vyrobek>
	<vyrobek id="ID361286" cena="1298" >Harddisk</vyrobek>
</zbozi>
