<?xml version="1.0" encoding="UTF-8"?>
<!-- WARNING: Any manual modifications to this file may be automatically overriden -->
<!-- Created with GWT4NB 2.6 -->
<project name="Dama2-gwt" default="-post-compile" basedir="..">
    <description>Generates Javascript for Dama2.</description>
    <property file="./nbproject/gwt.properties"/>

    <!--
    Check for GWT 2.0
    -->
    <condition property="gwt.version.20" value="true">
        <or>
            <equals arg1="${gwt.version}" arg2="2.0"/>
            <contains string="${gwt.version}" substring="2.0."/>
        </or>
    </condition>

    <!--
    Check for GWT 1.7
    -->
    <condition property="gwt.version.17" value="true">
        <or>
            <equals arg1="${gwt.version}" arg2="1.7"/>
            <contains string="${gwt.version}" substring="1.7."/>
        </or>
    </condition>

    <!--
    Check for GWT 1.6
    -->
    <condition property="gwt.version.16" value="true">
        <or>
            <equals arg1="${gwt.version}" arg2="1.6"/>
            <contains string="${gwt.version}" substring="1.6."/>
        </or>
    </condition>

    <!--
    Check for GWT 1.5
    -->
    <condition property="gwt.version.15" value="true">
        <and>
            <isfalse value="${gwt.version.16}"/>
            <isfalse value="${gwt.version.17}"/>
            <isfalse value="${gwt.version.20}"/>
        </and>
    </condition>

    <!--
    We are running inside NetBeans and GWT 1.5 is used
    -->
    <condition property="netbeans.home_and_gwt.version.15">
        <and>
            <isset property="netbeans.home"/>
            <isset property="gwt.version.15"/>
        </and>
    </condition>
    
    <!--
    We are running inside NetBeans and GWT 1.6 is used
    -->
    <condition property="netbeans.home_and_gwt.version.16">
        <and>
            <isset property="netbeans.home"/>
            <isset property="gwt.version.16"/>
        </and>
    </condition>

    <!--
    We are running inside NetBeans and GWT 1.7 is used
    -->
    <condition property="netbeans.home_and_gwt.version.17">
        <and>
            <isset property="netbeans.home"/>
            <isset property="gwt.version.17"/>
        </and>
    </condition>

    <!--
    We are running inside NetBeans and GWT 2.0 is used
    -->
    <condition property="netbeans.home_and_gwt.version.20">
        <and>
            <isset property="netbeans.home"/>
            <isset property="gwt.version.20"/>
        </and>
    </condition>

    <target name="-post-compile" depends="init">
        <property name="gwt.output.js"
                location="${build.web.dir}/${gwt.module}/${gwt.module}.nocache.js" />
    </target>

    <!--
    echo for the GWT installation directory.
    -->
    <target name="-gwt-print-dir">
        <echo message="GWT installation directory: ${auxiliary.org-netbeans-modules-gwt4nb.GWTDir}"/>
    </target>

    <!--
    This target is automatically called by the IDE when you click on
    "Debug" in the web project menu.
    -->
    <target name="debug" description="Debug project in IDE." 
            depends="init,compile,compile-jsps,-do-compile-single-jsp"
            if="netbeans.home">
        <condition property="gwt.compile.unneeded">
            <and>
                <available file="${gwt.output.js}" />
            </and>
        </condition>
        <antcall target="dist"/>

        <nbdeploy debugmode="true" clientUrlPart="${client.urlPart}"/>
        <antcall target="connect-debugger"/>
        <antcall target="debug-connect-gwt-shell"/>
    </target>

    <target name="-pre-dist">
        <antcall target="-gwt-print-dir"/>
        <condition property="gwt.compile.unneeded">
            <and>
                <available file="${gwt.output.js}" />
                <uptodate>
                    <srcfiles dir="${src.dir}" includes="**/client/**/*.java" />
                    <mergemapper to="${gwt.output.js}" />
                </uptodate>
            </and>
        </condition>
        <antcall target="do-gwt-compile-15" />
        <antcall target="do-gwt-compile-16" />
        <antcall target="do-gwt-compile-17" />
        <antcall target="do-gwt-compile-20" />
    </target>

    <target depends="init,compile,compile-jsps,-pre-dist" name="do-dist">
        <dirname file="${dist.war}" property="dist.jar.dir"/>
        <mkdir dir="${dist.jar.dir}"/>
        <jar compress="${jar.compress}" jarfile="${dist.war}" manifest="${build.meta.inf.dir}/MANIFEST.MF">
            <fileset dir="${build.web.dir}">
                <include name="**/*" />
                <exclude name="**/.gwt-tmp/" />
            </fileset>
        </jar>
    </target>

    <!--
    Java->JavaScript conversion (GWT 1.5)
    -->
    <target name="do-gwt-compile-15" if="gwt.version.15" unless="gwt.compile.unneeded">
        <!-- You can override this property in the 'gwt.properties' file -->
        <property name="gwt.compiler.output.style" value="OBFUSCATED"/>
        <property name="gwt.compiler.logLevel" value="WARN"/>
        <echo>GWT Compiling client-side code.</echo>
        <java classpath="${javac.classpath}:${src.dir}:${build.classes.dir}"
                failonerror="true"
                classname="com.google.gwt.dev.GWTCompiler" fork="true"
                jvmargs="${gwt.compiler.jvmargs}">
            <arg value="-out"/>
            <arg path="${build.web.dir}/"/>
            <arg value="-style"/>
            <arg value="${gwt.compiler.output.style}"/>
            <arg value="-logLevel"/>
            <arg value="${gwt.compiler.logLevel}"/>
            <arg value="${gwt.module}"/>
        </java>
        
        <property name="gwt.output.dir" value="${gwt.module}"/>
        
        <move todir="${build.web.dir}/${gwt.output.dir}">
            <fileset dir="${build.web.dir}/${gwt.module}"/>
        </move>
    </target>

    <!--
    Java->JavaScript conversion (GWT 1.6)
    -->
    <target name="do-gwt-compile-16" if="gwt.version.16" unless="gwt.compile.unneeded">
        <!-- You can override this property in the 'gwt.properties' file -->
        <property name="gwt.compiler.output.style" value="OBFUSCATED"/>
        <property name="gwt.compiler.logLevel" value="WARN"/>
        <echo>GWT Compiling client-side code.</echo>
        <java classpath="${javac.classpath}:${src.dir}:${build.classes.dir}" failonerror="true"
          classname="com.google.gwt.dev.Compiler" fork="true" 
          jvmargs="${gwt.compiler.jvmargs}">
            <arg value="-war"/>
            <arg path="${build.web.dir}/"/>
            <arg value="-style"/>
            <arg value="${gwt.compiler.output.style}"/>
            <arg value="-localWorkers"/>
            <arg value="${gwt.compiler.local.workers}"/>
            <arg value="-logLevel"/>
            <arg value="${gwt.compiler.logLevel}"/>
            <arg value="${gwt.module}"/>
        </java>
    </target>

    <!--
    Java->JavaScript conversion (GWT 1.7)
    -->
    <target name="do-gwt-compile-17" if="gwt.version.17" unless="gwt.compile.unneeded">
        <!-- You can override this property in the 'gwt.properties' file -->
        <property name="gwt.compiler.output.style" value="OBFUSCATED"/>
        <property name="gwt.compiler.logLevel" value="WARN"/>
        <echo>GWT Compiling client-side code.</echo>
        <java classpath="${javac.classpath}:${src.dir}:${build.classes.dir}" failonerror="true"
          classname="com.google.gwt.dev.Compiler" fork="true"
          jvmargs="${gwt.compiler.jvmargs}">
            <arg value="-war"/>
            <arg path="${build.web.dir}/"/>
            <arg value="-style"/>
            <arg value="${gwt.compiler.output.style}"/>
            <arg value="-localWorkers"/>
            <arg value="${gwt.compiler.local.workers}"/>
            <arg value="-logLevel"/>
            <arg value="${gwt.compiler.logLevel}"/>
            <arg value="${gwt.module}"/>
        </java>
    </target>

    <!--
    Java->JavaScript conversion (GWT 2.0)
    -->
    <target name="do-gwt-compile-20" if="gwt.version.20" unless="gwt.compile.unneeded">
        <!-- You can override this property in the 'gwt.properties' file -->
        <property name="gwt.compiler.output.style" value="OBFUSCATED"/>
        <property name="gwt.compiler.logLevel" value="WARN"/>
        <echo>GWT Compiling client-side code.</echo>
        <java classpath="${javac.classpath}:${src.dir}:${build.classes.dir}" failonerror="true"
          classname="com.google.gwt.dev.Compiler" fork="true"
          jvmargs="${gwt.compiler.jvmargs}">
            <arg value="-war"/>
            <arg path="${build.web.dir}/"/>
            <arg value="-style"/>
            <arg value="${gwt.compiler.output.style}"/>
            <arg value="-localWorkers"/>
            <arg value="${gwt.compiler.local.workers}"/>
            <arg value="-logLevel"/>
            <arg value="${gwt.compiler.logLevel}"/>
            <arg value="${gwt.module}"/>
        </java>
    </target>

    <!--
    Starts GWT shell with the -noserver option and attaches
    the debugger to it. You can use this target if your server is not written
    in Java, needs EJBs or similar. See also
    http://code.google.com/support/bin/answer.py?answer=55200
    -->
    <target name="debug-connect-gwt-shell" if="netbeans.home" depends="init">
        <antcall target="-gwt-print-dir"/>
        <antcall target="debug-connect-gwt-shell-15" />
        <antcall target="debug-connect-gwt-shell-16" />
        <antcall target="debug-connect-gwt-shell-17" />
        <antcall target="debug-connect-gwt-shell-20" />
    </target>

    <!--
    GWT 1.5
    Starts GWT shell with the -noserver option and attaches
    the debugger to it.
    -->
    <target name="debug-connect-gwt-shell-15" if="netbeans.home_and_gwt.version.15" depends="init">
        <nbjpdastart transport="dt_socket" addressproperty="jpda.address.gwt"
                name="com.google.gwt.dev.GWTShell" stopclassname="">
            <classpath>
                <path path="${javac.classpath}:${src.dir}:${build.classes.dir}"/>
            </classpath>
        </nbjpdastart>
        
        <property name="client.url" value="http://localhost:8080/${client.urlPart}"/>
        
        <!-- You can override this property in the 'gwt.properties' file -->
        <property name="gwt.shell.jvmargs" value=""/>
        <property name="gwtshell.jvmargs.base" value="-Xdebug -Xnoagent -Djava.compiler=none -Xrunjdwp:transport=dt_socket,address=${jpda.address.gwt}"/>
        
        <condition property="gwt.shell.jvmargs.debugger" value="${gwtshell.jvmargs.base} -XstartOnFirstThread"
                   else="${gwtshell.jvmargs.base}">
            <os family="mac"/>
        </condition>
        
        <java fork="true" classname="com.google.gwt.dev.GWTShell" failonerror="true">
            <jvmarg line="${gwt.shell.jvmargs}"/>
            <jvmarg line="${gwt.shell.jvmargs.debugger}"/>
            <classpath>
                <path path="${src.dir}:${javac.classpath}:${build.classes.dir}"/>
            </classpath>
            <syspropertyset>
                <propertyref prefix="run-sys-prop."/>
                <mapper type="glob" from="run-sys-prop.*" to="*"/>
            </syspropertyset>
            <arg value="-out"/>
            <arg path="${build.web.dir}/"/>
            <arg value="-noserver"/>
            <arg value="${client.url}"/>
        </java>
    </target>
    
    <!--
    GWT 1.6
    Starts GWT shell with the -noserver option and attaches
    the debugger to it.
    -->
    <target name="debug-connect-gwt-shell-16" if="netbeans.home_and_gwt.version.16" depends="init">
        <nbjpdastart transport="dt_socket" addressproperty="jpda.address.gwt"
                name="com.google.gwt.dev.HostedMode" stopclassname="">
            <classpath>
                <path path="${javac.classpath}:${src.dir}:${build.classes.dir}"/>
            </classpath>
        </nbjpdastart>

        <property name="client.url" value="http://localhost:8080/${client.urlPart}"/>
        
        <!-- You can override this property in the 'gwt.properties' file -->
        <property name="gwt.shell.jvmargs" value=""/>
        <property name="gwtshell.jvmargs.base" value="-Xdebug -Xnoagent -Djava.compiler=none -Xrunjdwp:transport=dt_socket,address=${jpda.address.gwt}"/>

        <condition property="gwt.shell.jvmargs.debugger" value="${gwtshell.jvmargs.base} -XstartOnFirstThread"
                   else="${gwtshell.jvmargs.base}">
            <os family="mac"/>
        </condition>

        <java fork="true" classname="com.google.gwt.dev.HostedMode" failonerror="true">
            <jvmarg line="${gwt.shell.jvmargs}"/>
            <jvmarg line="${gwt.shell.jvmargs.debugger}"/>
            <classpath>
                <path path="${src.dir}:${javac.classpath}:${build.classes.dir}"/>
            </classpath>
            <syspropertyset>
                <propertyref prefix="run-sys-prop."/>
                <mapper type="glob" from="run-sys-prop.*" to="*"/>
            </syspropertyset>
            <arg value="-war"/>
            <arg path="${build.web.dir}/"/>
            <arg value="-noserver"/>
            <arg value="-startupUrl"/>
            <arg value="${client.url}"/>
            <arg value="${gwt.module}"/>
        </java>
    </target>

    <!--
    GWT 1.7
    Starts GWT shell with the -noserver option and attaches
    the debugger to it.
    -->
    <target name="debug-connect-gwt-shell-17" if="netbeans.home_and_gwt.version.17" depends="init">
        <nbjpdastart transport="dt_socket" addressproperty="jpda.address.gwt"
                name="com.google.gwt.dev.HostedMode" stopclassname="">
            <classpath>
                <path path="${javac.classpath}:${src.dir}:${build.classes.dir}"/>
            </classpath>
        </nbjpdastart>

        <property name="client.url" value="http://localhost:8080/${client.urlPart}"/>

        <!-- You can override this property in the 'gwt.properties' file -->
        <property name="gwt.shell.jvmargs" value=""/>
        <property name="gwtshell.jvmargs.base" value="-Xdebug -Xnoagent -Djava.compiler=none -Xrunjdwp:transport=dt_socket,address=${jpda.address.gwt}"/>

        <condition property="gwt.shell.jvmargs.debugger" value="${gwtshell.jvmargs.base} -XstartOnFirstThread"
                   else="${gwtshell.jvmargs.base}">
            <os family="mac"/>
        </condition>

        <java fork="true" classname="com.google.gwt.dev.HostedMode" failonerror="true">
            <jvmarg line="${gwt.shell.jvmargs}"/>
            <jvmarg line="${gwt.shell.jvmargs.debugger}"/>
            <classpath>
                <path path="${src.dir}:${javac.classpath}:${build.classes.dir}"/>
            </classpath>
            <syspropertyset>
                <propertyref prefix="run-sys-prop."/>
                <mapper type="glob" from="run-sys-prop.*" to="*"/>
            </syspropertyset>
            <arg value="-war"/>
            <arg path="${build.web.dir}/"/>
            <arg value="-noserver"/>
            <arg value="-startupUrl"/>
            <arg value="${client.url}"/>
            <arg value="${gwt.module}"/>
        </java>
    </target>

    <!--
    GWT 2.0
    Starts GWT shell with the -noserver option and attaches
    the debugger to it.
    -->
    <target name="debug-connect-gwt-shell-20" if="netbeans.home_and_gwt.version.20" depends="init">
        <nbjpdastart transport="dt_socket" addressproperty="jpda.address.gwt"
                name="com.google.gwt.dev.HostedMode" stopclassname="">
            <classpath>
                <path path="${javac.classpath}:${src.dir}:${build.classes.dir}"/>
            </classpath>
        </nbjpdastart>

        <property name="client.url" value="http://localhost:8080/${client.urlPart}"/>

        <!-- You can override this property in the 'gwt.properties' file -->
        <property name="gwt.shell.jvmargs" value=""/>
        <property name="gwtshell.jvmargs.base" value="-Xdebug -Xnoagent -Djava.compiler=none -Xrunjdwp:transport=dt_socket,address=${jpda.address.gwt}"/>

        <property name="shell.output" location="${build.dir}/shell.output"/>
        <delete file="${shell.output}"/>
        <parallel>
            <java fork="true" classname="com.google.gwt.dev.DevMode" failonerror="true">
                <jvmarg line="${gwt.shell.jvmargs}"/>
                <jvmarg line="${gwtshell.jvmargs.base}"/>
                <classpath>
                    <path path="${src.dir}:${javac.classpath}:${build.classes.dir}"/>
                </classpath>
                <syspropertyset>
                    <propertyref prefix="run-sys-prop."/>
                    <mapper type="glob" from="run-sys-prop.*" to="*"/>
                </syspropertyset>
                <arg value="-war"/>
                <arg path="${build.web.dir}/"/>
                <arg value="-noserver"/>
                <arg value="-startupUrl"/>
                <arg value="${client.url}"/>
                <arg value="-port"/>
                <arg value="${gwt.shell.port}"/>
                <arg value="-codeServerPort"/>
                <arg value="${gwt.shell.code.server.port}"/>
                <arg value="${gwt.module}"/>
            </java>
            <sequential>
                <sleep seconds="4"/>
                <nbbrowse url="${client.url}?gwt.codesvr=127.0.0.1:${gwt.shell.code.server.port}"/>
            </sequential>
        </parallel>
    </target>

    <!--
    This target can be started. Starts GWT shell without the -noserver option
    and attaches the debugger to it.
    -->
    <target name="debug-connect-gwt-shell-hosted" if="netbeans.home"
            depends="init,compile,compile-jsps,-do-compile-single-jsp">
        <antcall target="-gwt-print-dir"/>
        <antcall target="debug-connect-gwt-shell-hosted-15" />
        <antcall target="debug-connect-gwt-shell-hosted-16" />
        <antcall target="debug-connect-gwt-shell-hosted-17" />
        <antcall target="debug-connect-gwt-shell-hosted-20" />
    </target>

    <!--
    GWT 1.5
    This target can be started. Starts GWT shell without the -noserver option
    and attaches the debugger to it.
    -->
    <target name="debug-connect-gwt-shell-hosted-15" if="netbeans.home_and_gwt.version.15" depends="init">
        <nbjpdastart transport="dt_socket" addressproperty="jpda.address.gwt" name="com.google.gwt.dev.GWTShell" stopclassname="">
            <classpath>
                <path path="${javac.classpath}:${src.dir}"/>
            </classpath>
            <sourcepath>
                <path path="${src.dir}"/>
            </sourcepath>
        </nbjpdastart>
        <property name="client.url" value="${gwt.module}"/>

        <!-- You can override this property in the 'gwt.properties' file -->
        <property name="gwt.shell.output.style" value="OBFUSCATED"/>
        <property name="gwt.shell.logLevel" value="WARN"/>
        <property name="gwtshell.jvmargs.base" value="-Xdebug -Xnoagent -Djava.compiler=none -Xrunjdwp:transport=dt_socket,address=${jpda.address.gwt}"/>
        <condition property="gwt.shell.jvmargs.debugger" value="${gwtshell.jvmargs.base} -XstartOnFirstThread"
                   else="${gwtshell.jvmargs.base}">
            <os family="mac"/>
        </condition>

        <java fork="true" classname="com.google.gwt.dev.GWTShell">
            <jvmarg line="${gwt.shell.jvmargs}"/>
            <jvmarg line="${gwt.shell.jvmargs.debugger}" />
            <classpath>
                <path path="${src.dir}:${javac.classpath}:${build.classes.dir}"/>
            </classpath>
            <syspropertyset>
                <propertyref prefix="run-sys-prop."/>
                <mapper type="glob" from="run-sys-prop.*" to="*"/>
            </syspropertyset>
            <arg value="-out"/>
            <arg path="${build.web.dir}/"/>
            <arg value="-style"/>
            <arg value="${gwt.shell.output.style}"/>
            <arg value="-logLevel"/>
            <arg value="${gwt.shell.logLevel}"/>
            <arg value="${client.url}"/>
        </java>
    </target>

    <!--
    GWT 1.6
    This target can be started. Starts GWT shell without the -noserver option
    and attaches the debugger to it.
    -->
    <target name="debug-connect-gwt-shell-hosted-16" if="netbeans.home_and_gwt.version.16" depends="init">
        <nbjpdastart transport="dt_socket" addressproperty="jpda.address.gwt" name="com.google.gwt.dev.GWTShell" stopclassname="">
            <classpath>
                <path path="${javac.classpath}:${src.dir}"/>
            </classpath>
            <sourcepath>
                <path path="${src.dir}"/>
            </sourcepath>
        </nbjpdastart>
        <property name="client.url" value="${gwt.module}"/>

        <!-- You can override this property in the 'gwt.properties' file -->
        <property name="gwt.shell.output.style" value="OBFUSCATED"/>
        <property name="gwt.shell.logLevel" value="WARN"/>
        <property name="gwtshell.jvmargs.base" value="-Xdebug -Xnoagent -Djava.compiler=none -Xrunjdwp:transport=dt_socket,address=${jpda.address.gwt}"/>
        <condition property="gwt.shell.jvmargs.debugger" value="${gwtshell.jvmargs.base} -XstartOnFirstThread"
                   else="${gwtshell.jvmargs.base}">
            <os family="mac"/>
        </condition>
        
        <java fork="true" classname="com.google.gwt.dev.HostedMode">
            <jvmarg line="${gwt.shell.jvmargs}"/>
            <jvmarg line="${gwt.shell.jvmargs.debugger}" />
            <classpath>
                <path path="${src.dir}:${javac.classpath}:${build.classes.dir}"/>
            </classpath>
            <syspropertyset>
                <propertyref prefix="run-sys-prop."/>
                <mapper type="glob" from="run-sys-prop.*" to="*"/>
            </syspropertyset>
            <arg value="-war"/>
            <arg path="${build.web.dir}/"/>
            <arg value="-style"/>
            <arg value="${gwt.shell.output.style}"/>
            <arg value="-logLevel"/>
            <arg value="${gwt.shell.logLevel}"/>
            <arg value="-startupUrl"/>
            <arg value="/${client.urlPart}"/>
            <arg value="${gwt.module}"/>
        </java>
    </target>

    <!--
    GWT 1.7
    This target can be started. Starts GWT shell without the -noserver option
    and attaches the debugger to it.
    -->
    <target name="debug-connect-gwt-shell-hosted-17" if="netbeans.home_and_gwt.version.17" depends="init">
        <nbjpdastart transport="dt_socket" addressproperty="jpda.address.gwt" name="com.google.gwt.dev.GWTShell" stopclassname="">
            <classpath>
                <path path="${javac.classpath}:${src.dir}"/>
            </classpath>
            <sourcepath>
                <path path="${src.dir}"/>
            </sourcepath>
        </nbjpdastart>
        <property name="client.url" value="${gwt.module}"/>

        <!-- You can override this property in the 'gwt.properties' file -->
        <property name="gwt.shell.output.style" value="OBFUSCATED"/>
        <property name="gwt.shell.logLevel" value="WARN"/>
        <property name="gwtshell.jvmargs.base" value="-Xdebug -Xnoagent -Djava.compiler=none -Xrunjdwp:transport=dt_socket,address=${jpda.address.gwt}"/>
        <condition property="gwt.shell.jvmargs.debugger" value="${gwtshell.jvmargs.base} -XstartOnFirstThread"
                   else="${gwtshell.jvmargs.base}">
            <os family="mac"/>
        </condition>

        <java fork="true" classname="com.google.gwt.dev.HostedMode">
            <jvmarg line="${gwt.shell.jvmargs}"/>
            <jvmarg line="${gwt.shell.jvmargs.debugger}" />
            <classpath>
                <path path="${src.dir}:${javac.classpath}:${build.classes.dir}"/>
            </classpath>
            <syspropertyset>
                <propertyref prefix="run-sys-prop."/>
                <mapper type="glob" from="run-sys-prop.*" to="*"/>
            </syspropertyset>
            <arg value="-war"/>
            <arg path="${build.web.dir}/"/>
            <arg value="-style"/>
            <arg value="${gwt.shell.output.style}"/>
            <arg value="-logLevel"/>
            <arg value="${gwt.shell.logLevel}"/>
            <arg value="-startupUrl"/>
            <arg value="/${client.urlPart}"/>
            <arg value="${gwt.module}"/>
        </java>
    </target>

    <!--
    GWT 2.0
    This target can be started. Starts GWT shell without the -noserver option
    and attaches the debugger to it.
    -->
    <target name="debug-connect-gwt-shell-hosted-20" if="netbeans.home_and_gwt.version.20" depends="init">
        <nbjpdastart transport="dt_socket" addressproperty="jpda.address.gwt" name="com.google.gwt.dev.GWTShell" stopclassname="">
            <classpath>
                <path path="${javac.classpath}:${src.dir}"/>
            </classpath>
            <sourcepath>
                <path path="${src.dir}"/>
            </sourcepath>
        </nbjpdastart>
        <property name="client.url" value="${gwt.module}"/>

        <!-- You can override this property in the 'gwt.properties' file -->
        <property name="gwt.shell.logLevel" value="WARN"/>
        <property name="gwtshell.jvmargs.base" value="-Xdebug -Xnoagent -Djava.compiler=none -Xrunjdwp:transport=dt_socket,address=${jpda.address.gwt}"/>

        <parallel>
            <java fork="true" classname="com.google.gwt.dev.DevMode">
                <jvmarg line="${gwt.shell.jvmargs}"/>
                <jvmarg line="${gwtshell.jvmargs.base}" />
                <classpath>
                    <path path="${src.dir}:${javac.classpath}:${build.classes.dir}"/>
                </classpath>
                <syspropertyset>
                    <propertyref prefix="run-sys-prop."/>
                    <mapper type="glob" from="run-sys-prop.*" to="*"/>
                </syspropertyset>
                <arg value="-war"/>
                <arg path="${build.web.dir}/"/>
                <arg value="-logLevel"/>
                <arg value="TRACE"/>
                <!-- arg value="${gwt.shell.logLevel}"/-->
                <arg value="-logdir"/>
                <arg value="logs"/>
                <arg value="-startupUrl"/>
                <arg value="/${client.urlPart}"/>
                <arg value="-port"/>
                <arg value="${gwt.shell.port}"/>
                <arg value="-codeServerPort"/>
                <arg value="${gwt.shell.code.server.port}"/>
                <arg value="${gwt.module}"/>
            </java>
            <sequential>
                <sleep seconds="4"/>
                <nbbrowse url="http://127.0.0.1:${gwt.shell.port}/${client.urlPart}?gwt.codesvr=127.0.0.1:${gwt.shell.code.server.port}"/>
            </sequential>
        </parallel>
    </target>
</project>
