<?xml version="1.0" encoding="UTF-8"?>
<!--
*** GENERATED FROM project.xml - DO NOT EDIT  ***
***         EDIT ../build.xml INSTEAD         ***

-->
<project name="-profiler-impl" default="profile-j2ee" basedir="..">
    <target name="default" depends="profile-j2ee" description="Build and profile the project."/>
    <!--

    =================
    PROFILING SECTION
    =================
    -->
    <target name="profile-j2ee" description="Profile a J2EE project in the IDE.">
        <condition property="profiler.startserver.target" value="start-profiled-server-extraargs" else="start-profiled-server">
            <isset property="profiler.info.jvmargs.extra"/>
        </condition>
        <antcall target="${profiler.startserver.target}"/>
        <antcall target="run"/>
        <antcall target="start-loadgen"/>
    </target>
    <target name="start-profiled-server">
        <nbstartprofiledserver forceRestart="${profiler.j2ee.serverForceRestart}" startupTimeout="${profiler.j2ee.serverStartupTimeout}" javaPlatform="${profiler.info.javaPlatform}">
            <jvmarg value="${profiler.info.jvmargs.agent}"/>
            <jvmarg value="${profiler.j2ee.agentID}"/>
        </nbstartprofiledserver>
    </target>
    <target name="start-profiled-server-extraargs">
        <nbstartprofiledserver forceRestart="${profiler.j2ee.serverForceRestart}" startupTimeout="${profiler.j2ee.serverStartupTimeout}" javaPlatform="${profiler.info.javaPlatform}">
            <jvmarg value="${profiler.info.jvmargs.extra}"/>
            <jvmarg value="${profiler.info.jvmargs.agent}"/>
            <jvmarg value="${profiler.j2ee.agentID}"/>
        </nbstartprofiledserver>
    </target>
    <target name="start-loadgen" if="profiler.loadgen.path">
        <loadgenstart path="${profiler.loadgen.path}"/>
    </target>
</project>
