<?xml version="1.0" encoding="UTF-8"?>
<project-private xmlns="http://www.netbeans.org/ns/project-private/1">
    <editor-bookmarks xmlns="http://www.netbeans.org/ns/editor-bookmarks/1"/>
    <open-files xmlns="http://www.netbeans.org/ns/projectui-open-files/1">
        <file>file:/D:/skola/BI-EJA/cviceni/Seminar6/src/java/users/ManagerSessionBean.java</file>
        <file>file:/D:/skola/BI-EJA/cviceni/Seminar6/src/java/users/User.java</file>
        <file>file:/D:/skola/BI-EJA/cviceni/Seminar6/src/java/users/UserManagedBean.java</file>
    </open-files>
</project-private>
