﻿<?xml version="1.0" encoding="utf-8"?>
<katalog>
  <kniha rok="2002">
    <titul>Šéfkuchař bez čepice</titul>
    <autor>Jamie Oliver</autor>
    <isbn>80-968347-4-6</isbn>
    <kategorie>kuchařky</kategorie>
    <stran>250</stran>
  </kniha>
  <kniha rok="2002">
    <titul>Jamie po japonsku</titul>
    <podtitul>ABCD</podtitul>
    <autor>Jamie Oliver</autor>
    <isbn>80-968347-4-7</isbn>
    <kategorie>kuchařky</kategorie>
    <stran>250</stran>
  </kniha>
  <kniha rok="2007">
    <titul>Modrá, nikoli zelená planeta</titul>
    <podtitul>Co je ohroženo: klima nebo svoboda?</podtitul>
    <autor>Václav Klaus</autor>
    <isbn>978-80-7363-152-9</isbn>
    <kategorie>společnost</kategorie>
    <kategorie>ekologie</kategorie>
    <stran>176</stran>
  </kniha>
  <kniha rok="2006">
    <titul>Jamie po italsku</titul>
    <autor>Jamie Oliver</autor>
    <isbn>80-89189-18-0</isbn>
    <kategorie>kuchařky</kategorie>
    <stran>319</stran>
    <sekce>
      <nazev>Sekce 1</nazev>
      <sekce>
        <nazev>Sekce 1.1</nazev>
      </sekce>
      <sekce>
        <nazev>Sekce 1.2</nazev>
      </sekce>
      <sekce>
        <nazev>Sekce 1.3</nazev>
      </sekce>
    </sekce>
    <sekce>
      <nazev>Sekce 2</nazev>
      <sekce>
        <nazev>Sekce 2.1</nazev>
        <sekce>
          <nazev>Sekce 2.1.1</nazev>
        </sekce>
        <sekce>
          <nazev>Sekce 2.1.2</nazev>
        </sekce>
      </sekce>
      <sekce>
        <nazev>Sekce 2.2</nazev>
        <sekce>
          <nazev>Sekce 2.2.1</nazev>
          <sekce>
            <nazev>Sekce 2.2.1.1</nazev>
            <sekce>
              <nazev>Sekce 2.2.1.1.1</nazev>
            </sekce>
          </sekce>
        </sekce>
        <sekce>
          <nazev>Sekce 2.2.2</nazev>
        </sekce>
      </sekce>
    </sekce>
    <sekce>
      <nazev>Sekce 3</nazev>
    </sekce>
  </kniha>
  <kniha rok="2007">
    <titul>Nepříjemná pravda</titul>
    <podtitul>Naše planeta v ohrožení – globální oteplování a co s ním můžeme udělat</podtitul>
    <original>
      <titul>An incovenient Truth</titul>
      <preklad>Jitka Fialová</preklad>
    </original>
    <autor>Al Gore</autor>
    <isbn>978-80-7203-868-8</isbn>
    <kategorie>ekologie</kategorie>
    <stran>329</stran>
  </kniha>
</katalog>