﻿<?xml version="1.0" encoding="utf-8"?>
<seznam-recenzi>
  <recenze>
    <isbn>978-80-7203-868-8</isbn>
    <text>Toto je první recenze ke knize 978-80-7203-868-8.</text>
  </recenze>
  <recenze>
    <isbn>80-968347-4-6</isbn>
    <text>Toto je první recenze ke knize 80-968347-4-6.</text>
  </recenze>
  <recenze>
    <isbn>80-89189-18-0</isbn>
    <text>Toto je první recenze ke knize 80-89189-18-0.</text>
  </recenze>
  <recenze>
    <isbn>80-968347-4-6</isbn>
    <text>Toto je druhá recenze ke knize 80-968347-4-6.</text>
  </recenze>
  <recenze>
    <isbn>80-89189-18-0</isbn>
    <text>Toto je druhá recenze ke knize 80-89189-18-0.</text>
  </recenze>
  <recenze>
    <isbn>80-968347-4-6</isbn>
    <text>Toto je třetí recenze ke knize 80-968347-4-6.</text>
  </recenze>
</seznam-recenzi>