<?xml version="1.0" encoding="UTF-8"?>
<configurationDescriptor version="69">
  <logicalFolder name="root" displayName="root" projectFiles="true">
    <logicalFolder name="HeaderFiles"
                   displayName="Header Files"
                   projectFiles="true"
                   kind="SOURCE_LOGICAL_FOLDER">
      <itemPath>AbstractPriorityQueue.h</itemPath>
      <itemPath>Algorithm.h</itemPath>
      <itemPath>City.h</itemPath>
      <itemPath>ComunicationNetwork.h</itemPath>
      <itemPath>Condensator.h</itemPath>
      <itemPath>HighPrecedessorsPriorityQueue.h</itemPath>
      <itemPath>NetworkCreator.h</itemPath>
      <itemPath>Road.h</itemPath>
      <itemPath>StrongComponent.h</itemPath>
    </logicalFolder>
    <logicalFolder name="ResourceFiles"
                   displayName="Resource Files"
                   projectFiles="true"
                   kind="SOURCE_LOGICAL_FOLDER">
    </logicalFolder>
    <logicalFolder name="SourceFiles"
                   displayName="Source Files"
                   projectFiles="true"
                   kind="SOURCE_LOGICAL_FOLDER">
      <itemPath>AbstractPriorityQueue.cpp</itemPath>
      <itemPath>Algorithm.cpp</itemPath>
      <itemPath>City.cpp</itemPath>
      <itemPath>ComunicationNetwork.cpp</itemPath>
      <itemPath>Condensator.cpp</itemPath>
      <itemPath>HighPredecessorsPriorityQueue.cpp</itemPath>
      <itemPath>NetworkCreator.cpp</itemPath>
      <itemPath>Road.cpp</itemPath>
      <itemPath>StrongComponent.cpp</itemPath>
      <itemPath>main.cpp</itemPath>
    </logicalFolder>
    <logicalFolder name="TestFiles"
                   displayName="Test Files"
                   projectFiles="false"
                   kind="TEST_LOGICAL_FOLDER">
    </logicalFolder>
    <logicalFolder name="ExternalFiles"
                   displayName="Important Files"
                   projectFiles="false"
                   kind="IMPORTANT_FILES_FOLDER">
      <itemPath>Makefile</itemPath>
    </logicalFolder>
  </logicalFolder>
  <projectmakefile>Makefile</projectmakefile>
  <confs>
    <conf name="Debug" type="1">
      <toolsSet>
        <developmentServer>localhost</developmentServer>
        <compilerSet>Cygwin|Cygwin</compilerSet>
        <platform>3</platform>
      </toolsSet>
      <compileType>
      </compileType>
    </conf>
    <conf name="Release" type="1">
      <toolsSet>
        <developmentServer>localhost</developmentServer>
        <compilerSet>Cygwin|Cygwin</compilerSet>
        <platform>3</platform>
      </toolsSet>
      <compileType>
        <cTool>
          <developmentMode>5</developmentMode>
        </cTool>
        <ccTool>
          <developmentMode>5</developmentMode>
        </ccTool>
        <fortranCompilerTool>
          <developmentMode>5</developmentMode>
        </fortranCompilerTool>
        <asmTool>
          <developmentMode>5</developmentMode>
        </asmTool>
      </compileType>
    </conf>
  </confs>
</configurationDescriptor>
