<?xml version='1.0' encoding='UTF-8'?>

<!-- =========== FULL CONFIGURATION FILE ================================== -->

<faces-config version="2.0"
    xmlns="http://java.sun.com/xml/ns/javaee" 
    xmlns:xsi="http://www.w3.org/2001/XMLSchema-instance" 
    xsi:schemaLocation="http://java.sun.com/xml/ns/javaee http://java.sun.com/xml/ns/javaee/web-facesconfig_2_0.xsd">
    <application>
        <locale-config>
            <default-locale>en</default-locale>
            <supported-locale>cs</supported-locale>
            <supported-locale>en</supported-locale>
        </locale-config>
        <resource-bundle>
            <base-name>x33eja.translation</base-name>
            <var>msgs</var>
        </resource-bundle>
    </application>
    <navigation-rule>
        <from-view-id>/students.xhtml</from-view-id>
        <navigation-case>
            <from-outcome>student</from-outcome>
            <to-view-id>/student.xhtml</to-view-id>
            <redirect />
        </navigation-case>
    </navigation-rule>
    <navigation-rule>
        <from-view-id>/*</from-view-id>
        <navigation-case>
            <from-outcome>index</from-outcome>
            <to-view-id>/index.xhtml</to-view-id>
            <redirect />
        </navigation-case>
         <navigation-case>
            <from-outcome>students</from-outcome>
            <to-view-id>/students.xhtml</to-view-id>
            <redirect />
        </navigation-case>
    </navigation-rule>
</faces-config>
