<?xml version='1.0' encoding='UTF-8'?>

<!-- =========== FULL CONFIGURATION FILE ================================== -->

<faces-config version="2.0"
    xmlns="http://java.sun.com/xml/ns/javaee" 
    xmlns:xsi="http://www.w3.org/2001/XMLSchema-instance" 
    xsi:schemaLocation="http://java.sun.com/xml/ns/javaee http://java.sun.com/xml/ns/javaee/web-facesconfig_2_0.xsd">

    <application>
        <locale-config>
            <default-locale>cs</default-locale>
            <supported-locale>cs</supported-locale>
            <supported-locale>en</supported-locale>
        </locale-config>
        <resource-bundle>
            <base-name>timetable.translations.translation</base-name>
            <var>msgs</var>
        </resource-bundle>
    </application>
    <navigation-rule>
        <from-view-id>/*</from-view-id>
        <navigation-case>
            <from-outcome>index</from-outcome>
            <to-view-id>/index.xhtml</to-view-id>
            <redirect />
        </navigation-case>
        <navigation-case>
            <from-outcome>admin</from-outcome>
            <to-view-id>/admin/admin.xhtml</to-view-id>
            <redirect />
        </navigation-case>
        <navigation-case>
            <from-outcome>login</from-outcome>
            <to-view-id>/login.xhtml</to-view-id>
            <redirect />
        </navigation-case>
        <navigation-case>
            <from-outcome>register</from-outcome>
            <to-view-id>/register.xhtml</to-view-id>
            <redirect />
        </navigation-case>
        <navigation-case>
            <from-outcome>tickets</from-outcome>
            <to-view-id>/passanger/tickets.xhtml</to-view-id>
            <redirect />
        </navigation-case>
        <navigation-case>
            <from-outcome>failed</from-outcome>
            <to-view-id>/failed.xhtml</to-view-id>
            <redirect />
        </navigation-case>
    </navigation-rule>
    <navigation-rule>
        <from-view-id>/admin/admin.xhtml</from-view-id>
        <navigation-case>
            <from-outcome>timetable</from-outcome>
            <to-view-id>/admin/timetable.xhtml</to-view-id>
            <redirect />
        </navigation-case>
        <navigation-case>
            <from-outcome>passangers</from-outcome>
            <to-view-id>/admin/passangers.xhtml</to-view-id>
            <redirect />
        </navigation-case>
    </navigation-rule>
    <navigation-rule>
        <from-view-id>/admin/timetable.xhtml</from-view-id>
        <navigation-case>
            <from-outcome>stations</from-outcome>
            <to-view-id>/admin/stations.xhtml</to-view-id>
            <redirect />
        </navigation-case>
        <navigation-case>
            <from-outcome>notes</from-outcome>
            <to-view-id>/admin/notes.xhtml</to-view-id>
            <redirect />
        </navigation-case>
        <navigation-case>
            <from-outcome>routes</from-outcome>
            <to-view-id>/admin/routes.xhtml</to-view-id>
            <redirect />
        </navigation-case>
        <navigation-case>
            <from-outcome>linktypes</from-outcome>
            <to-view-id>/admin/linktypes.xhtml</to-view-id>
            <redirect />
        </navigation-case>
        <navigation-case>
            <from-outcome>links</from-outcome>
            <to-view-id>/admin/links.xhtml</to-view-id>
            <redirect />
        </navigation-case>
        <navigation-case>
            <from-outcome>positions</from-outcome>
            <to-view-id>/admin/positions.xhtml</to-view-id>
            <redirect />
        </navigation-case>
    </navigation-rule>
    <navigation-rule>
        <from-view-id>/admin/passangers.xhtml</from-view-id>
        <navigation-case>
            <from-outcome>passanger</from-outcome>
            <to-view-id>/admin/passanger.xhtml</to-view-id>
            <redirect />
        </navigation-case>
    </navigation-rule>
    <navigation-rule>
        <from-view-id>/admin/routes.xhtml</from-view-id>
        <navigation-case>
            <from-outcome>route</from-outcome>
            <to-view-id>/admin/route.xhtml</to-view-id>
            <redirect />
        </navigation-case>
    </navigation-rule>
    <navigation-rule>
        <from-view-id>/admin/stations.xhtml</from-view-id>
        <navigation-case>
            <from-outcome>station</from-outcome>
            <to-view-id>/admin/station.xhtml</to-view-id>
            <redirect />
        </navigation-case>
    </navigation-rule>
    <navigation-rule>
        <from-view-id>/admin/notes.xhtml</from-view-id>
        <navigation-case>
            <from-outcome>note</from-outcome>
            <to-view-id>/admin/note.xhtml</to-view-id>
            <redirect />
        </navigation-case>
    </navigation-rule>
    <navigation-rule>
        <from-view-id>/admin/linktypes.xhtml</from-view-id>
        <navigation-case>
            <from-outcome>linktype</from-outcome>
            <to-view-id>/admin/linktype.xhtml</to-view-id>
            <redirect />
        </navigation-case>
    </navigation-rule>
    <navigation-rule>
        <from-view-id>/admin/links.xhtml</from-view-id>
        <navigation-case>
            <from-outcome>link</from-outcome>
            <to-view-id>/admin/link.xhtml</to-view-id>
            <redirect />
        </navigation-case>
    </navigation-rule>
    <navigation-rule>
        <from-view-id>/admin/positions.xhtml</from-view-id>
        <navigation-case>
            <from-outcome>position</from-outcome>
            <to-view-id>/admin/position.xhtml</to-view-id>
            <redirect />
        </navigation-case>
    </navigation-rule>
    <navigation-rule>
        <from-view-id>/index.xhtml</from-view-id>
        <navigation-case>
            <from-outcome>results</from-outcome>
            <to-view-id>/results.xhtml</to-view-id>
            <redirect />
        </navigation-case>
        <navigation-case>
            <from-outcome>order</from-outcome>
            <to-view-id>/passanger/order.xhtml</to-view-id>
            <redirect />
        </navigation-case>
    </navigation-rule>
    <navigation-rule>
        <from-view-id>/results.xhtml</from-view-id>
        <navigation-case>
            <from-outcome>order</from-outcome>
            <to-view-id>/passanger/order.xhtml</to-view-id>
            <redirect />
        </navigation-case>
        <navigation-case>
            <from-outcome>link</from-outcome>
            <to-view-id>/link.xhtml</to-view-id>
            <redirect />
        </navigation-case>
    </navigation-rule>
    <navigation-rule>
        <from-view-id>/passanger/order.xhtml</from-view-id>
        <navigation-case>
            <from-outcome>addtransfer</from-outcome>
            <to-view-id>/index.xhtml</to-view-id>
            <redirect />
        </navigation-case>
    </navigation-rule>
    <navigation-rule>
        <from-view-id>/passanger/order.xhtml</from-view-id>
        <navigation-case>
            <from-outcome>ordered</from-outcome>
            <to-view-id>/passanger/ordered.xhtml</to-view-id>
            <redirect />
        </navigation-case>
    </navigation-rule>
    <navigation-rule>
        <from-view-id>/register.xhtml</from-view-id>
        <navigation-case>
            <from-outcome>passangers</from-outcome>
            <to-view-id>/registered.xhtml</to-view-id>
            <redirect />
        </navigation-case>
    </navigation-rule>
    <navigation-rule>
        <from-view-id>/passanger/tickets.xhtml</from-view-id>
        <navigation-case>
            <from-outcome>ticket</from-outcome>
            <to-view-id>/passanger/order.xhtml</to-view-id>
            <redirect />
        </navigation-case>
    </navigation-rule>
    <navigation-rule>
        <from-view-id>/link.xhtml</from-view-id>
        <navigation-case>
            <from-outcome>results</from-outcome>
            <to-view-id>/results.xhtml</to-view-id>
            <redirect />
        </navigation-case>
    </navigation-rule>
</faces-config>
