<?xml version="1.0" encoding="ISO-8859-1"?>
<!-- ER Modeller version 4.0 schema -->
<!DOCTYPE schema [
<!ELEMENT schema (scale,left,top,width,height,id,name,notation,comment,usertype*,(entity*,atribute*,relation*,unique*,cardinality*,strong*)*)>
<!ELEMENT scale (#PCDATA)>
<!ELEMENT left (#PCDATA)>
<!ELEMENT top (#PCDATA)>
<!ELEMENT width (#PCDATA)>
<!ELEMENT height (#PCDATA)>
<!ELEMENT id (#PCDATA)>
<!ELEMENT name (#PCDATA)>
<!ELEMENT comment (#PCDATA)>
<!ELEMENT usertype (typename, datatypedef)>
<!ELEMENT entity (left,top,width,height,id,name,comment)>
<!ELEMENT atribute (left,top,width,height,id,name,comment,datatype,arbitrary,(ent|rel))>
<!ELEMENT relation (left,top,width,height,id,name,comment)>
<!ELEMENT unique (left,top,width,height,id,name,comment,ent,atr*,primary)>
<!ELEMENT cardinality (left,top,width,height,id,name,comment,ent,rel,arbitrary,multi,glue)>
<!ELEMENT strong (left,top,width,height,ent,uni)>
<!ELEMENT datatype (#PCDATA)>
<!ELEMENT typename (#PCDATA)>
<!ELEMENT datatypedef (datatype, item*)>
<!ELEMENT item (itemname, datatype)>
<!ELEMENT itemname (#PCDATA)>
<!ELEMENT arbitrary (#PCDATA)>
<!ELEMENT ent (#PCDATA)>
<!ELEMENT rel (#PCDATA)>
<!ELEMENT atr (#PCDATA)>
<!ELEMENT primary (#PCDATA)>
<!ELEMENT multi (#PCDATA)>
<!ELEMENT glue (#PCDATA)>
<!ELEMENT uni (#PCDATA)>
]>
<schema>
	<scale>1.0</scale>
	<left>0</left>
	<top>0</top>
	<width>2500</width>
	<height>2500</height>
	<id>0</id>
	<name>Schema</name>
	<notation>0</notation>
	<comment></comment>
</schema>
