<?xml version="1.0" encoding="ISO-8859-1"?>
<!-- ER Modeller version 4.0 schema -->
<!DOCTYPE schema [
<!ELEMENT schema (scale,left,top,width,height,id,name,notation,comment,usertype*,(entity*,atribute*,relation*,unique*,cardinality*,strong*)*)>
<!ELEMENT scale (#PCDATA)>
<!ELEMENT left (#PCDATA)>
<!ELEMENT top (#PCDATA)>
<!ELEMENT width (#PCDATA)>
<!ELEMENT height (#PCDATA)>
<!ELEMENT id (#PCDATA)>
<!ELEMENT name (#PCDATA)>
<!ELEMENT comment (#PCDATA)>
<!ELEMENT usertype (typename, datatypedef)>
<!ELEMENT entity (left,top,width,height,id,name,comment)>
<!ELEMENT atribute (left,top,width,height,id,name,comment,datatype,arbitrary,(ent|rel))>
<!ELEMENT relation (left,top,width,height,id,name,comment)>
<!ELEMENT unique (left,top,width,height,id,name,comment,ent,atr*,primary)>
<!ELEMENT cardinality (left,top,width,height,id,name,comment,ent,rel,arbitrary,multi,glue)>
<!ELEMENT strong (left,top,width,height,ent,uni)>
<!ELEMENT datatype (#PCDATA)>
<!ELEMENT typename (#PCDATA)>
<!ELEMENT datatypedef (datatype, item*)>
<!ELEMENT item (itemname, datatype)>
<!ELEMENT itemname (#PCDATA)>
<!ELEMENT arbitrary (#PCDATA)>
<!ELEMENT ent (#PCDATA)>
<!ELEMENT rel (#PCDATA)>
<!ELEMENT atr (#PCDATA)>
<!ELEMENT primary (#PCDATA)>
<!ELEMENT multi (#PCDATA)>
<!ELEMENT glue (#PCDATA)>
<!ELEMENT uni (#PCDATA)>
]>
<schema>
	<scale>1.0</scale>
	<left>0</left>
	<top>0</top>
	<width>2500</width>
	<height>2500</height>
	<id>67</id>
	<name>Schema</name>
	<notation>0</notation>
	<comment></comment>
	<relation>
		<left>323</left>
		<top>245</top>
		<width>117</width>
		<height>39</height>
		<id>4</id>
		<name>hral</name>
		<comment></comment>
	</relation>
	<entity>
		<left>142</left>
		<top>188</top>
		<width>85</width>
		<height>39</height>
		<id>3</id>
		<name>hrac</name>
		<comment></comment>
		<constraints></constraints>
	</entity>
	<cardinality>
		<left>251</left>
		<top>238</top>
		<width>34</width>
		<height>29</height>
		<id>5</id>
		<name>hral</name>
		<comment></comment>
		<ent>3</ent>
		<rel>4</rel>
		<arbitrary>true</arbitrary>
		<multi>true</multi>
		<glue>false</glue>
	</cardinality>
	<entity>
		<left>722</left>
		<top>63</top>
		<width>85</width>
		<height>39</height>
		<id>47</id>
		<name>druh</name>
		<comment></comment>
		<constraints></constraints>
	</entity>
	<cardinality>
		<left>657</left>
		<top>74</top>
		<width>38</width>
		<height>29</height>
		<id>50</id>
		<name>druh</name>
		<comment></comment>
		<ent>47</ent>
		<rel>48</rel>
		<arbitrary>false</arbitrary>
		<multi>true</multi>
		<glue>false</glue>
	</cardinality>
	<atribute>
		<left>866</left>
		<top>90</top>
		<width>50</width>
		<height>13</height>
		<id>51</id>
		<name>nazev</name>
		<comment></comment>
		<datatype>Integer</datatype>
		<arbitrary>true</arbitrary>
		<primary>true</primary>
		<uniq>true</uniq>
		<position>1</position>
		<ent>47</ent>
	</atribute>
	<entity>
		<left>237</left>
		<top>373</top>
		<width>99</width>
		<height>39</height>
		<id>31</id>
		<name>turnaj</name>
		<comment></comment>
		<constraints></constraints>
	</entity>
	<cardinality>
		<left>277</left>
		<top>312</top>
		<width>64</width>
		<height>29</height>
		<id>34</id>
		<name>konal_se</name>
		<comment></comment>
		<ent>31</ent>
		<rel>4</rel>
		<arbitrary>true</arbitrary>
		<multi>false</multi>
		<glue>true</glue>
	</cardinality>
	<atribute>
		<left>97</left>
		<top>503</top>
		<width>54</width>
		<height>13</height>
		<id>45</id>
		<name>format</name>
		<comment></comment>
		<datatype>Integer</datatype>
		<arbitrary>false</arbitrary>
		<primary>false</primary>
		<uniq>false</uniq>
		<position>4</position>
		<ent>31</ent>
	</atribute>
	<atribute>
		<left>8</left>
		<top>447</top>
		<width>105</width>
		<height>13</height>
		<id>46</id>
		<name>pocet ucastniku</name>
		<comment></comment>
		<datatype>Integer</datatype>
		<arbitrary>false</arbitrary>
		<primary>false</primary>
		<uniq>false</uniq>
		<position>5</position>
		<ent>31</ent>
	</atribute>
	<atribute>
		<left>180</left>
		<top>500</top>
		<width>50</width>
		<height>13</height>
		<id>44</id>
		<name>nazev</name>
		<comment></comment>
		<datatype>Integer</datatype>
		<arbitrary>true</arbitrary>
		<primary>true</primary>
		<uniq>true</uniq>
		<position>3</position>
		<ent>31</ent>
	</atribute>
	<atribute>
		<left>262</left>
		<top>486</top>
		<width>54</width>
		<height>13</height>
		<id>33</id>
		<name>datum</name>
		<comment></comment>
		<datatype>Date</datatype>
		<arbitrary>true</arbitrary>
		<primary>true</primary>
		<uniq>true</uniq>
		<position>2</position>
		<ent>31</ent>
	</atribute>
	<atribute>
		<left>318</left>
		<top>441</top>
		<width>94</width>
		<height>13</height>
		<id>32</id>
		<name>misto_konani</name>
		<comment></comment>
		<datatype>Integer</datatype>
		<arbitrary>true</arbitrary>
		<primary>true</primary>
		<uniq>true</uniq>
		<position>1</position>
		<ent>31</ent>
	</atribute>
	<entity>
		<left>547</left>
		<top>255</top>
		<width>85</width>
		<height>39</height>
		<id>2</id>
		<name>Deck</name>
		<comment></comment>
		<constraints></constraints>
	</entity>
	<cardinality>
		<left>666</left>
		<top>284</top>
		<width>65</width>
		<height>29</height>
		<id>14</id>
		<name>obsahuje</name>
		<comment></comment>
		<ent>2</ent>
		<rel>13</rel>
		<arbitrary>true</arbitrary>
		<multi>true</multi>
		<glue>false</glue>
	</cardinality>
	<cardinality>
		<left>468</left>
		<top>269</top>
		<width>56</width>
		<height>29</height>
		<id>6</id>
		<name>byl hran</name>
		<comment></comment>
		<ent>2</ent>
		<rel>4</rel>
		<arbitrary>true</arbitrary>
		<multi>false</multi>
		<glue>true</glue>
	</cardinality>
	<cardinality>
		<left>571</left>
		<top>214</top>
		<width>41</width>
		<height>29</height>
		<id>49</id>
		<name>Deck</name>
		<comment></comment>
		<ent>2</ent>
		<rel>48</rel>
		<arbitrary>false</arbitrary>
		<multi>true</multi>
		<glue>false</glue>
	</cardinality>
	<atribute>
		<left>718</left>
		<top>228</top>
		<width>54</width>
		<height>13</height>
		<id>43</id>
		<name>jmeno</name>
		<comment></comment>
		<datatype>Integer</datatype>
		<arbitrary>true</arbitrary>
		<primary>true</primary>
		<uniq>true</uniq>
		<position>1</position>
		<ent>2</ent>
	</atribute>
	<relation>
		<left>871</left>
		<top>214</top>
		<width>251</width>
		<height>39</height>
		<id>13</id>
		<name>obsahuje</name>
		<comment></comment>
	</relation>
	<relation>
		<left>1054</left>
		<top>437</top>
		<width>119</width>
		<height>39</height>
		<id>58</id>
		<name>je_v_side</name>
		<comment></comment>
	</relation>
	<entity>
		<left>605</left>
		<top>817</top>
		<width>85</width>
		<height>39</height>
		<id>37</id>
		<name>typ</name>
		<comment></comment>
		<constraints></constraints>
	</entity>
	<cardinality>
		<left>662</left>
		<top>772</top>
		<width>34</width>
		<height>29</height>
		<id>40</id>
		<name></name>
		<comment></comment>
		<ent>37</ent>
		<rel>38</rel>
		<arbitrary>true</arbitrary>
		<multi>false</multi>
		<glue>true</glue>
	</cardinality>
	<atribute>
		<left>611</left>
		<top>921</top>
		<width>50</width>
		<height>13</height>
		<id>41</id>
		<name>nazev</name>
		<comment></comment>
		<datatype>Char(20)</datatype>
		<arbitrary>true</arbitrary>
		<primary>true</primary>
		<uniq>true</uniq>
		<position>1</position>
		<ent>37</ent>
	</atribute>
	<relation>
		<left>710</left>
		<top>722</top>
		<width>117</width>
		<height>39</height>
		<id>38</id>
		<name>ma_typ</name>
		<comment></comment>
	</relation>
	<relation>
		<left>504</left>
		<top>571</top>
		<width>117</width>
		<height>39</height>
		<id>20</id>
		<name>je_barvy</name>
		<comment></comment>
	</relation>
	<entity>
		<left>329</left>
		<top>698</top>
		<width>85</width>
		<height>39</height>
		<id>19</id>
		<name>barva</name>
		<comment></comment>
		<constraints></constraints>
	</entity>
	<cardinality>
		<left>410</left>
		<top>644</top>
		<width>43</width>
		<height>29</height>
		<id>22</id>
		<name>barva</name>
		<comment></comment>
		<ent>19</ent>
		<rel>20</rel>
		<arbitrary>true</arbitrary>
		<multi>true</multi>
		<glue>false</glue>
	</cardinality>
	<atribute>
		<left>264</left>
		<top>761</top>
		<width>50</width>
		<height>13</height>
		<id>35</id>
		<name>nazev</name>
		<comment></comment>
		<datatype>Integer</datatype>
		<arbitrary>true</arbitrary>
		<primary>true</primary>
		<uniq>true</uniq>
		<position>1</position>
		<ent>19</ent>
	</atribute>
	<relation>
		<left>803</left>
		<top>462</top>
		<width>193</width>
		<height>39</height>
		<id>57</id>
		<name>je_v_maindecku</name>
		<comment></comment>
	</relation>
	<entity>
		<left>1160</left>
		<top>335</top>
		<width>85</width>
		<height>39</height>
		<id>54</id>
		<name>sideboard</name>
		<comment></comment>
		<constraints></constraints>
	</entity>
	<cardinality>
		<left>1155</left>
		<top>390</top>
		<width>69</width>
		<height>29</height>
		<id>62</id>
		<name>sideboard</name>
		<comment></comment>
		<ent>54</ent>
		<rel>58</rel>
		<arbitrary>false</arbitrary>
		<multi>true</multi>
		<glue>false</glue>
	</cardinality>
	<atribute>
		<left>1392</left>
		<top>300</top>
		<width>83</width>
		<height>13</height>
		<id>63</id>
		<name>pocet_karet</name>
		<comment></comment>
		<datatype>Integer</datatype>
		<arbitrary>true</arbitrary>
		<primary>false</primary>
		<uniq>false</uniq>
		<position>1</position>
		<ent>54</ent>
	</atribute>
	<atribute>
		<left>1405</left>
		<top>409</top>
		<width>29</width>
		<height>13</height>
		<id>64</id>
		<name>id</name>
		<comment></comment>
		<datatype>Integer</datatype>
		<arbitrary>true</arbitrary>
		<primary>true</primary>
		<uniq>true</uniq>
		<position>2</position>
		<ent>54</ent>
	</atribute>
	<cardinality>
		<left>1102</left>
		<top>276</top>
		<width>34</width>
		<height>29</height>
		<id>56</id>
		<name></name>
		<comment></comment>
		<ent>54</ent>
		<rel>13</rel>
		<arbitrary>false</arbitrary>
		<multi>true</multi>
		<glue>false</glue>
	</cardinality>
	<entity>
		<left>852</left>
		<top>573</top>
		<width>85</width>
		<height>39</height>
		<id>9</id>
		<name>MTG_karta</name>
		<comment></comment>
		<constraints></constraints>
	</entity>
	<cardinality>
		<left>753</left>
		<top>587</top>
		<width>64</width>
		<height>29</height>
		<id>21</id>
		<name>ma barvu</name>
		<comment></comment>
		<ent>9</ent>
		<rel>20</rel>
		<arbitrary>true</arbitrary>
		<multi>false</multi>
		<glue>true</glue>
	</cardinality>
	<cardinality>
		<left>819</left>
		<top>631</top>
		<width>34</width>
		<height>29</height>
		<id>39</id>
		<name></name>
		<comment></comment>
		<ent>9</ent>
		<rel>38</rel>
		<arbitrary>true</arbitrary>
		<multi>false</multi>
		<glue>true</glue>
	</cardinality>
	<atribute>
		<left>966</left>
		<top>805</top>
		<width>89</width>
		<height>13</height>
		<id>17</id>
		<name>casting_cost</name>
		<comment></comment>
		<datatype>Integer</datatype>
		<arbitrary>true</arbitrary>
		<primary>false</primary>
		<uniq>false</uniq>
		<position>1</position>
		<ent>9</ent>
	</atribute>
	<atribute>
		<left>1059</left>
		<top>744</top>
		<width>54</width>
		<height>13</height>
		<id>42</id>
		<name>jmeno</name>
		<comment></comment>
		<datatype>Integer</datatype>
		<arbitrary>true</arbitrary>
		<primary>true</primary>
		<uniq>true</uniq>
		<position>2</position>
		<ent>9</ent>
	</atribute>
	<cardinality>
		<left>975</left>
		<top>528</top>
		<width>72</width>
		<height>29</height>
		<id>61</id>
		<name>MTG_karta</name>
		<comment></comment>
		<ent>9</ent>
		<rel>58</rel>
		<arbitrary>false</arbitrary>
		<multi>true</multi>
		<glue>false</glue>
	</cardinality>
	<cardinality>
		<left>857</left>
		<top>536</top>
		<width>72</width>
		<height>29</height>
		<id>60</id>
		<name>MTG_karta</name>
		<comment></comment>
		<ent>9</ent>
		<rel>57</rel>
		<arbitrary>true</arbitrary>
		<multi>true</multi>
		<glue>false</glue>
	</cardinality>
	<relation>
		<left>485</left>
		<top>98</top>
		<width>117</width>
		<height>39</height>
		<id>48</id>
		<name>je_druhu</name>
		<comment></comment>
	</relation>
	<entity>
		<left>851</left>
		<top>345</top>
		<width>85</width>
		<height>39</height>
		<id>53</id>
		<name>maideck</name>
		<comment></comment>
		<constraints></constraints>
	</entity>
	<cardinality>
		<left>862</left>
		<top>402</top>
		<width>60</width>
		<height>29</height>
		<id>59</id>
		<name>maideck</name>
		<comment></comment>
		<ent>53</ent>
		<rel>57</rel>
		<arbitrary>false</arbitrary>
		<multi>true</multi>
		<glue>false</glue>
	</cardinality>
	<atribute>
		<left>721</left>
		<top>374</top>
		<width>83</width>
		<height>13</height>
		<id>66</id>
		<name>pocet_karet</name>
		<comment></comment>
		<datatype>Integer</datatype>
		<arbitrary>true</arbitrary>
		<primary>false</primary>
		<uniq>false</uniq>
		<position>2</position>
		<ent>53</ent>
	</atribute>
	<cardinality>
		<left>881</left>
		<top>294</top>
		<width>34</width>
		<height>29</height>
		<id>55</id>
		<name></name>
		<comment></comment>
		<ent>53</ent>
		<rel>13</rel>
		<arbitrary>true</arbitrary>
		<multi>true</multi>
		<glue>false</glue>
	</cardinality>
	<atribute>
		<left>788</left>
		<top>418</top>
		<width>29</width>
		<height>13</height>
		<id>65</id>
		<name>id</name>
		<comment></comment>
		<datatype>Integer</datatype>
		<arbitrary>true</arbitrary>
		<primary>true</primary>
		<uniq>true</uniq>
		<position>1</position>
		<ent>53</ent>
	</atribute>
</schema>
