<?xml version="1.0" encoding="ISO-8859-1"?>
<!-- ER Modeller version 4.0 schema -->
<!DOCTYPE schema [
<!ELEMENT schema (scale,left,top,width,height,id,name,notation,comment,usertype*,(entity*,atribute*,relation*,unique*,cardinality*,strong*)*)>
<!ELEMENT scale (#PCDATA)>
<!ELEMENT left (#PCDATA)>
<!ELEMENT top (#PCDATA)>
<!ELEMENT width (#PCDATA)>
<!ELEMENT height (#PCDATA)>
<!ELEMENT id (#PCDATA)>
<!ELEMENT name (#PCDATA)>
<!ELEMENT comment (#PCDATA)>
<!ELEMENT usertype (typename, datatypedef)>
<!ELEMENT entity (left,top,width,height,id,name,comment)>
<!ELEMENT atribute (left,top,width,height,id,name,comment,datatype,arbitrary,(ent|rel))>
<!ELEMENT relation (left,top,width,height,id,name,comment)>
<!ELEMENT unique (left,top,width,height,id,name,comment,ent,atr*,primary)>
<!ELEMENT cardinality (left,top,width,height,id,name,comment,ent,rel,arbitrary,multi,glue)>
<!ELEMENT strong (left,top,width,height,ent,uni)>
<!ELEMENT datatype (#PCDATA)>
<!ELEMENT typename (#PCDATA)>
<!ELEMENT datatypedef (datatype, item*)>
<!ELEMENT item (itemname, datatype)>
<!ELEMENT itemname (#PCDATA)>
<!ELEMENT arbitrary (#PCDATA)>
<!ELEMENT ent (#PCDATA)>
<!ELEMENT rel (#PCDATA)>
<!ELEMENT atr (#PCDATA)>
<!ELEMENT primary (#PCDATA)>
<!ELEMENT multi (#PCDATA)>
<!ELEMENT glue (#PCDATA)>
<!ELEMENT uni (#PCDATA)>
]>
<schema>
	<scale>1.0</scale>
	<left>0</left>
	<top>0</top>
	<width>2500</width>
	<height>2500</height>
	<id>50</id>
	<name>Schema</name>
	<notation>0</notation>
	<comment></comment>
	<entity>
		<left>342</left>
		<top>390</top>
		<width>85</width>
		<height>39</height>
		<id>20</id>
		<name>typ</name>
		<comment></comment>
		<constraints></constraints>
	</entity>
	<atribute>
		<left>327</left>
		<top>476</top>
		<width>50</width>
		<height>13</height>
		<id>22</id>
		<name>nazev</name>
		<comment></comment>
		<datatype>Integer</datatype>
		<arbitrary>true</arbitrary>
		<primary>false</primary>
		<uniq>false</uniq>
		<position>2</position>
		<ent>20</ent>
	</atribute>
	<atribute>
		<left>438</left>
		<top>480</top>
		<width>29</width>
		<height>13</height>
		<id>21</id>
		<name>id</name>
		<comment></comment>
		<datatype>Integer</datatype>
		<arbitrary>true</arbitrary>
		<primary>true</primary>
		<uniq>true</uniq>
		<position>1</position>
		<ent>20</ent>
	</atribute>
	<cardinality>
		<left>303</left>
		<top>363</top>
		<width>34</width>
		<height>29</height>
		<id>30</id>
		<name>typ</name>
		<comment></comment>
		<ent>20</ent>
		<rel>29</rel>
		<arbitrary>false</arbitrary>
		<multi>true</multi>
		<glue>false</glue>
	</cardinality>
	<entity>
		<left>450</left>
		<top>234</top>
		<width>85</width>
		<height>39</height>
		<id>33</id>
		<name>od_do</name>
		<comment></comment>
		<constraints></constraints>
	</entity>
	<atribute>
		<left>459</left>
		<top>336</top>
		<width>33</width>
		<height>13</height>
		<id>35</id>
		<name>do</name>
		<comment></comment>
		<datatype>Integer</datatype>
		<arbitrary>false</arbitrary>
		<primary>false</primary>
		<uniq>false</uniq>
		<position>2</position>
		<ent>33</ent>
	</atribute>
	<atribute>
		<left>524</left>
		<top>302</top>
		<width>33</width>
		<height>13</height>
		<id>34</id>
		<name>od</name>
		<comment></comment>
		<datatype>Integer</datatype>
		<arbitrary>true</arbitrary>
		<primary>true</primary>
		<uniq>true</uniq>
		<position>1</position>
		<ent>33</ent>
	</atribute>
	<cardinality>
		<left>497</left>
		<top>186</top>
		<width>48</width>
		<height>29</height>
		<id>36</id>
		<name>od_do</name>
		<comment></comment>
		<ent>33</ent>
		<rel>12</rel>
		<arbitrary>true</arbitrary>
		<multi>false</multi>
		<glue>true</glue>
	</cardinality>
	<entity>
		<left>681</left>
		<top>534</top>
		<width>85</width>
		<height>39</height>
		<id>46</id>
		<name>adresa</name>
		<comment></comment>
		<constraints></constraints>
	</entity>
	<cardinality>
		<left>697</left>
		<top>483</top>
		<width>52</width>
		<height>29</height>
		<id>49</id>
		<name>adresa</name>
		<comment></comment>
		<ent>46</ent>
		<rel>47</rel>
		<arbitrary>false</arbitrary>
		<multi>true</multi>
		<glue>false</glue>
	</cardinality>
	<entity>
		<left>89</left>
		<top>233</top>
		<width>85</width>
		<height>39</height>
		<id>2</id>
		<name>auto</name>
		<comment></comment>
		<constraints></constraints>
	</entity>
	<atribute>
		<left>120</left>
		<top>155</top>
		<width>69</width>
		<height>13</height>
		<id>45</id>
		<name>umely_id</name>
		<comment>kvuli neidealnimu prohledavani prohledavani stringu</comment>
		<datatype>Integer</datatype>
		<arbitrary>true</arbitrary>
		<primary>true</primary>
		<uniq>true</uniq>
		<position>4</position>
		<ent>2</ent>
	</atribute>
	<atribute>
		<left>185</left>
		<top>377</top>
		<width>49</width>
		<height>13</height>
		<id>5</id>
		<name>barva</name>
		<comment></comment>
		<datatype>VarChar2(10)</datatype>
		<arbitrary>false</arbitrary>
		<primary>false</primary>
		<uniq>false</uniq>
		<position>2</position>
		<ent>2</ent>
	</atribute>
	<atribute>
		<left>112</left>
		<top>389</top>
		<width>38</width>
		<height>13</height>
		<id>4</id>
		<name>spz</name>
		<comment></comment>
		<datatype>VarChar2(12)</datatype>
		<arbitrary>true</arbitrary>
		<primary>false</primary>
		<uniq>false</uniq>
		<position>1</position>
		<ent>2</ent>
	</atribute>
	<atribute>
		<left>33</left>
		<top>434</top>
		<width>91</width>
		<height>13</height>
		<id>16</id>
		<name>max_rychlost</name>
		<comment></comment>
		<datatype>Number(3, 0)</datatype>
		<arbitrary>false</arbitrary>
		<primary>false</primary>
		<uniq>false</uniq>
		<position>3</position>
		<ent>2</ent>
	</atribute>
	<cardinality>
		<left>199</left>
		<top>218</top>
		<width>37</width>
		<height>29</height>
		<id>13</id>
		<name>auto</name>
		<comment></comment>
		<ent>2</ent>
		<rel>12</rel>
		<arbitrary>false</arbitrary>
		<multi>true</multi>
		<glue>false</glue>
	</cardinality>
	<cardinality>
		<left>176</left>
		<top>269</top>
		<width>37</width>
		<height>29</height>
		<id>31</id>
		<name>auto</name>
		<comment></comment>
		<ent>2</ent>
		<rel>29</rel>
		<arbitrary>true</arbitrary>
		<multi>false</multi>
		<glue>true</glue>
	</cardinality>
	<entity>
		<left>679</left>
		<top>163</top>
		<width>85</width>
		<height>39</height>
		<id>3</id>
		<name>osoba</name>
		<comment></comment>
		<constraints></constraints>
	</entity>
	<atribute>
		<left>733</left>
		<top>308</top>
		<width>84</width>
		<height>13</height>
		<id>8</id>
		<name>rodne_cislo</name>
		<comment></comment>
		<datatype>Number(10, 0)</datatype>
		<arbitrary>true</arbitrary>
		<primary>false</primary>
		<uniq>true</uniq>
		<position>2</position>
		<ent>3</ent>
	</atribute>
	<atribute>
		<left>774</left>
		<top>281</top>
		<width>54</width>
		<height>13</height>
		<id>7</id>
		<name>jmeno</name>
		<comment></comment>
		<datatype>VarChar2(20)</datatype>
		<arbitrary>true</arbitrary>
		<primary>false</primary>
		<uniq>false</uniq>
		<position>1</position>
		<ent>3</ent>
	</atribute>
	<atribute>
		<left>609</left>
		<top>464</top>
		<width>58</width>
		<height>13</height>
		<id>41</id>
		<name>pohlavi</name>
		<comment></comment>
		<datatype>Integer</datatype>
		<arbitrary>false</arbitrary>
		<primary>false</primary>
		<uniq>false</uniq>
		<position>5</position>
		<ent>3</ent>
	</atribute>
	<atribute>
		<left>906</left>
		<top>362</top>
		<width>90</width>
		<height>13</height>
		<id>9</id>
		<name>osobni_cislo</name>
		<comment></comment>
		<datatype>Integer</datatype>
		<arbitrary>true</arbitrary>
		<primary>true</primary>
		<uniq>true</uniq>
		<position>3</position>
		<ent>3</ent>
	</atribute>
	<atribute>
		<left>879</left>
		<top>272</top>
		<width>64</width>
		<height>13</height>
		<id>11</id>
		<name>prijmeni</name>
		<comment></comment>
		<datatype>VarChar2(20)</datatype>
		<arbitrary>true</arbitrary>
		<primary>false</primary>
		<uniq>false</uniq>
		<position>4</position>
		<ent>3</ent>
	</atribute>
	<cardinality>
		<left>665</left>
		<top>97</top>
		<width>48</width>
		<height>29</height>
		<id>39</id>
		<name>osoba</name>
		<comment></comment>
		<ent>3</ent>
		<rel>37</rel>
		<arbitrary>false</arbitrary>
		<multi>true</multi>
		<glue>false</glue>
	</cardinality>
	<cardinality>
		<left>611</left>
		<top>188</top>
		<width>48</width>
		<height>29</height>
		<id>14</id>
		<name>osoba</name>
		<comment></comment>
		<ent>3</ent>
		<rel>12</rel>
		<arbitrary>false</arbitrary>
		<multi>true</multi>
		<glue>false</glue>
	</cardinality>
	<cardinality>
		<left>671</left>
		<top>364</top>
		<width>48</width>
		<height>29</height>
		<id>48</id>
		<name>osoba</name>
		<comment></comment>
		<ent>3</ent>
		<rel>47</rel>
		<arbitrary>false</arbitrary>
		<multi>true</multi>
		<glue>false</glue>
	</cardinality>
	<cardinality>
		<left>895</left>
		<top>187</top>
		<width>48</width>
		<height>29</height>
		<id>38</id>
		<name>osoba</name>
		<comment></comment>
		<ent>3</ent>
		<rel>37</rel>
		<arbitrary>false</arbitrary>
		<multi>false</multi>
		<glue>true</glue>
	</cardinality>
	<relation>
		<left>213</left>
		<top>311</top>
		<width>117</width>
		<height>39</height>
		<id>29</id>
		<name>je_typu</name>
		<comment></comment>
	</relation>
	<relation>
		<left>442</left>
		<top>126</top>
		<width>171</width>
		<height>39</height>
		<id>12</id>
		<name>ma_vypujceno</name>
		<comment>trojity klic - od, do, osoba, auto</comment>
	</relation>
	<atribute>
		<left>432</left>
		<top>69</top>
		<width>33</width>
		<height>13</height>
		<id>43</id>
		<name>od</name>
		<comment></comment>
		<datatype>Integer</datatype>
		<arbitrary>true</arbitrary>
		<primary>false</primary>
		<uniq>false</uniq>
		<position>2</position>
		<rel>12</rel>
	</atribute>
	<atribute>
		<left>576</left>
		<top>251</top>
		<width>77</width>
		<height>13</height>
		<id>42</id>
		<name>km_najeto</name>
		<comment></comment>
		<datatype>Integer</datatype>
		<arbitrary>false</arbitrary>
		<primary>false</primary>
		<uniq>false</uniq>
		<position>1</position>
		<rel>12</rel>
	</atribute>
	<atribute>
		<left>560</left>
		<top>47</top>
		<width>33</width>
		<height>13</height>
		<id>44</id>
		<name>do</name>
		<comment></comment>
		<datatype>Integer</datatype>
		<arbitrary>false</arbitrary>
		<primary>false</primary>
		<uniq>false</uniq>
		<position>3</position>
		<rel>12</rel>
	</atribute>
	<relation>
		<left>746</left>
		<top>80</top>
		<width>151</width>
		<height>39</height>
		<id>37</id>
		<name>je_podrizeny</name>
		<comment></comment>
	</relation>
	<relation>
		<left>657</left>
		<top>412</top>
		<width>197</width>
		<height>39</height>
		<id>47</id>
		<name>bydli_na_adrese</name>
		<comment></comment>
	</relation>
</schema>
