<?xml version="1.0" encoding="UTF-8"?>
<beans xmlns="http://www.springframework.org/schema/beans" xmlns:xsi="http://www.w3.org/2001/XMLSchema-instance"
	xmlns:util="http://www.springframework.org/schema/util" xmlns:context="http://www.springframework.org/schema/context"
	xmlns:aop="http://www.springframework.org/schema/aop"
	xmlns:tx="http://www.springframework.org/schema/tx"
	xsi:schemaLocation="
http://www.springframework.org/schema/beans http://www.springframework.org/schema/beans/spring-beans-2.5.xsd
http://www.springframework.org/schema/util http://www.springframework.org/schema/util/spring-util-2.5.xsd
http://www.springframework.org/schema/context http://www.springframework.org/schema/context/spring-context-2.5.xsd
http://www.springframework.org/schema/aop http://www.springframework.org/schema/aop/spring-aop-2.5.xsd
http://www.springframework.org/schema/tx http://www.springframework.org/schema/tx/spring-tx-2.5.xsd
">


<bean name="vypujckaController" class="knihovna.pl.controller.VypujckaController">
  <property name="zpracovaniVypujckyController">
    <ref bean="zpracovaniVypujckyController"/>
  </property>
  
  <property name="knihovnaGUI">
    <ref bean="knihovnaGUI"/>
  </property>
  
  
</bean>

<bean name="knihovnaGUI" class="knihovna.pl.view.KnihovnaGUI" init-method="init">
  <property name="vypujckaController">
    <ref bean="vypujckaController"/>
  </property>
  <property name="viewVypujckyController">
    <ref bean="viewVypujckyController"/>
  </property>
</bean>




</beans>
