<?xml version="1.0" encoding="UTF-8"?>
<beans xmlns="http://www.springframework.org/schema/beans" xmlns:xsi="http://www.w3.org/2001/XMLSchema-instance"
	xmlns:util="http://www.springframework.org/schema/util" xmlns:context="http://www.springframework.org/schema/context"
	xmlns:aop="http://www.springframework.org/schema/aop"
	xmlns:tx="http://www.springframework.org/schema/tx"
	xsi:schemaLocation="
http://www.springframework.org/schema/beans http://www.springframework.org/schema/beans/spring-beans-2.5.xsd
http://www.springframework.org/schema/util http://www.springframework.org/schema/util/spring-util-2.5.xsd
http://www.springframework.org/schema/context http://www.springframework.org/schema/context/spring-context-2.5.xsd
http://www.springframework.org/schema/aop http://www.springframework.org/schema/aop/spring-aop-2.5.xsd
http://www.springframework.org/schema/tx http://www.springframework.org/schema/tx/spring-tx-2.5.xsd
">

<bean name="spravceCtenaru" class="knihovna.bl.vypujcky.SpravceCtenaru">
  <property name="ctenarDAO">
    <ref bean="ctenarDAO"/>
  </property>
</bean>

<bean name="spravceVytisku" class="knihovna.bl.vypujcky.SpravceVytisku">
	<property name="vytiskDAO">
    <ref bean="vytiskDAO"/>
  </property>
</bean>

<bean name="knihaVypujcek" class="knihovna.bl.vypujcky.KnihaVypujcek">
  <property name="vypujckaDAO">
    <ref bean="vypujckaDAO"/>
  </property>
</bean>

<bean name="zpracovaniVypujckyController" class="knihovna.bl.vypujcky.ZpracovaniVypujckyController">
   <property name="spravceVytisku">
			<ref bean="spravceVytisku" />
   </property>
   <property name="spravceCtenaru">
			<ref bean="spravceCtenaru" />
   </property>
   
    <property name="viewVypujckyController">
			<ref bean="viewVypujckyController" />
   </property>
</bean>

<bean name="viewVypujckyController" class="knihovna.bl.vypujcky.ViewVypujckyController">
   <property name="spravceVytisku">
			<ref bean="spravceVytisku" />
   </property>
</bean>




</beans>
