<?xml version="1.0" encoding="UTF-8"?>
<beans xmlns="http://www.springframework.org/schema/beans"
	xmlns:xsi="http://www.w3.org/2001/XMLSchema-instance" xmlns:util="http://www.springframework.org/schema/util"
	xmlns:context="http://www.springframework.org/schema/context"
	xmlns:aop="http://www.springframework.org/schema/aop" xmlns:tx="http://www.springframework.org/schema/tx"
	xsi:schemaLocation="
http://www.springframework.org/schema/beans http://www.springframework.org/schema/beans/spring-beans-2.5.xsd
http://www.springframework.org/schema/util http://www.springframework.org/schema/util/spring-util-2.5.xsd
http://www.springframework.org/schema/context http://www.springframework.org/schema/context/spring-context-2.5.xsd
http://www.springframework.org/schema/aop http://www.springframework.org/schema/aop/spring-aop-2.5.xsd
http://www.springframework.org/schema/tx http://www.springframework.org/schema/tx/spring-tx-2.5.xsd
">
	<bean id="mySQLDataSource"
		class="org.springframework.jdbc.datasource.DriverManagerDataSource"
		destroy-method="close">
		<property name="driverClassName">
			<value>com.mysql.jdbc.Driver</value>
		</property>
		<property name="url">
			<value>jdbc:mysql://localhost:3306/knihovna
			</value>
		</property>
		<property name="username">
			<value>root</value>
		</property>
		<property name="password">
			<value></value>
		</property>
	</bean>
	<bean name="sessionFactory"
		class="org.springframework.orm.hibernate3.annotation.AnnotationSessionFactoryBean">
		<property name="dataSource">
			<ref bean="mySQLDataSource" />
		</property>
		<property name="annotatedClasses">
			<list>
				
				<value>knihovna.dl.entity.Vypujcka</value>
				<value>knihovna.dl.entity.Vytisk</value>
				<value>knihovna.dl.entity.Kniha</value>
			</list>
		</property>
		<property name="hibernateProperties">
			<props>
				<prop key="hibernate.dialect">org.hibernate.dialect.MySQL5Dialect</prop>
				<prop key="hibernate.show_sql">true</prop>
				<prop key="hibernate.use_sql_comments">true</prop>
				<prop key="hibernate.format_sql">true</prop>
			</props>
		</property>
	</bean>
	
	<bean name="vypujckaDAO"
		class="knihovna.dl.dao.hibernate.VypujckaDAO">
		<property name="sessionFactory">
		  <ref bean="sessionFactory"/>
		</property>
	</bean>	
	
	<bean name="vytiskDAO"
		class="knihovna.dl.dao.hibernate.VytiskDAO">
		<property name="sessionFactory">
		  <ref bean="sessionFactory"/>
		</property>
	</bean>	
	
	<bean name="ctenarDAO"
		class="knihovna.dl.dao.hibernate.CtenarDAO">
		<property name="sessionFactory">
		  <ref bean="sessionFactory"/>
		</property>
	</bean>	
</beans>